Unnamed: 0,행정구역 코드,행정기관 코드,법정동 코드,랜드마크,영화관,쇼핑센터,대형마트,백화점,지하철,차선수,순환도로,한강,공원,산,학교,교육특구,대학병원
0,1121052,1162052500,1162010100,0,0,0,0,1,0,8,0,0,1,0,3,0,0
1,1121054,1162054500,1162010100,0,0,0,0,0,0,8,0,0,0,0,1,0,0
2,1121079,1162056500,1162010100,0,0,0,1,0,0,8,0,0,2,0,4,0,0
3,1121057,1162057500,1162010100,0,0,0,1,0,2,10,0,0,1,0,4,0,0
4,1121058,1162058500,1162010100,0,0,0,0,0,1,10,1,0,1,1,2,0,0
5,1121080,1162059500,1162010100,0,1,0,1,0,2,8,1,0,1,1,8,0,0
6,1121078,1162060500,1162010100,0,0,0,2,0,1,10,0,0,1,0,2,0,0
7,1121061,1162061500,1162010100,0,0,0,0,0,1,8,0,0,0,0,1,0,0
8,1121062,1162062500,1162010100,0,0,0,1,0,1,10,1,0,0,1,2,0,0
9,1121063,1162063000,1162010300,0,0,0,0,0,2,10,1,0,1,1,1,0,0
10,1121064,1162064500,1162010200,0,0,0,0,0,1,8,0,0,1,0,1,0,0
11,1121065,1162065500,1162010200,0,0,2,0,0,0,8,0,0,1,0,1,0,0
12,1121066,1162066500,1162010200,0,0,0,2,0,0,4,1,0,0,1,2,0,0
13,1121068,1162068500,1162010200,0,0,1,2,0,1,8,0,0,0,0,1,0,0
14,1121069,1162069500,1162010200,0,1,2,2,0,2,10,1,0,4,2,29,0,0
15,1121071,1162071500,1162010200,0,0,0,3,0,0,4,0,0,3,0,2,0,0
16,1121072,1162072500,1162010200,0,0,1,1,0,1,4,0,0,0,0,1,0,0
17,1121073,1162073500,1162010200,0,0,0,0,0,0,6,1,0,1,1,6,0,0
18,1121082,1162074500,1162010200,0,0,2,1,0,0,4,1,0,1,1,4,0,0
19,1121083,1162076500,1162010200,0,0,0,0,0,0,4,0,0,3,0,8,0,0
20,1121081,1162077500,1162010200,0,0,1,0,0,0,6,0,0,3,0,4,0,0
21,1118051,1154551000,1154510100,0,1,0,0,3,3,10,1,0,0,0,0,0,0
22,1118052,1154561000,1154510200,0,1,0,2,0,1,12,1,0,0,0,4,0,0
23,1118053,1154562000,1154510200,0,0,0,1,0,0,4,0,0,6,0,2,0,0
24,1118054,1154563000,1154510200,0,0,0,0,0,0,4,0,0,4,0,6,0,0
25,1118055,1154564000,1154510200,0,0,0,1,0,0,6,0,0,2,0,1,0,0
26,1118057,1154567000,1154510300,0,0,2,2,0,1,14,1,0,1,0,4,0,0
27,1118058,1154568000,1154510300,0,0,1,0,0,0,6,1,0,1,1,6,0,0
28,1118059,1154569000,1154510300,0,0,2,1,0,0,10,1,0,0,0,5,0,0
29,1118060,1154570000,1154510300,0,0,0,0,0,0,4,0,0,5,0,2,0,0
30,1118061,1154571000,1154510300,0,0,0,1,0,0,4,1,0,1,1,2,0,0
31,1120072,1159051000,1159010100,0,0,0,0,0,3,10,1,2,6,0,4,0,0
32,1120072,1159051000,1159010400,0,0,0,0,0,3,10,1,2,6,0,4,0,0
33,1120052,1159052000,1159010100,0,0,1,3,0,2,10,0,1,0,0,0,0,0
34,1120053,1159053000,1159010200,0,0,0,0,0,1,8,0,1,0,0,1,0,0
35,1120053,1159053000,1159010300,0,0,0,0,0,1,8,0,1,0,0,1,0,0
36,1120054,1159054000,1159010200,0,0,2,0,0,1,6,0,1,2,0,2,0,0
37,1120055,1159055000,1159010200,0,0,1,0,0,0,4,0,0,2,0,1,0,0
38,1120056,1159056000,1159010200,0,0,0,2,0,0,6,0,0,2,0,3,0,0
39,1120071,1159060500,1159010500,0,0,0,1,0,1,6,1,2,2,0,6,0,1
40,1120063,1159062000,1159010700,0,1,0,3,0,4,10,0,0,1,0,2,0,0
41,1120073,1159063000,1159010600,1,0,1,2,0,5,10,1,2,2,0,3,0,0
42,1120073,1159063000,1159010700,1,0,1,2,0,5,10,1,2,2,0,3,0,0
43,1120065,1159064000,1159010700,0,0,2,0,0,1,6,0,1,2,0,4,0,0
44,1120066,1159065000,1159010700,0,0,1,1,0,1,6,0,0,1,0,0,0,0
45,1120067,1159065100,1159010700,0,0,0,0,0,1,6,0,0,2,0,3,0,0
46,1120068,1159066000,1159010800,0,0,2,0,0,3,6,0,1,2,0,9,0,0
47,1120069,1159067000,1159010900,0,0,1,1,0,2,4,0,0,1,0,3,0,0
48,1120070,1159068000,1159010900,0,0,0,1,0,0,4,0,0,2,0,3,0,1
49,1119073,1156051500,1156010100,0,1,0,0,1,1,6,0,0,1,0,2,0,0
50,1119073,1156051500,1156013200,0,0,0,1,0,5,10,0,0,1,0,10,0,0
51,1119074,1156053500,1156010100,0,0,0,0,1,1,8,0,1,2,0,2,0,0
52,1119074,1156053500,1156010200,0,0,0,0,0,2,10,0,1,0,0,0,0,0
53,1119074,1156053500,1156010300,0,0,0,0,0,2,10,1,1,2,0,0,0,0
54,1119074,1156053500,1156010400,0,0,0,0,0,0,10,0,1,0,0,0,0,0
55,1119074,1156053500,1156010500,0,1,2,2,2,0,12,0,1,0,0,0,0,0
56,1119074,1156053500,1156010600,0,0,0,1,0,1,6,0,1,0,0,0,0,0
57,1119074,1156053500,1156010700,0,0,0,0,0,1,6,0,1,1,0,0,0,0
58,1119074,1156053500,1156010800,0,0,0,0,0,1,12,1,1,0,0,1,0,1
59,1119074,1156053500,1156010900,0,0,0,3,0,0,8,0,1,0,0,0,0,0
60,1119054,1156054000,1156011000,5,1,1,3,0,5,10,1,2,2,0,5,0,1
61,1119055,1156055000,1156011100,0,0,0,0,0,0,8,0,1,0,0,0,0,0
62,1119055,1156055000,1156011200,0,0,0,0,0,2,8,0,1,0,0,0,0,0
63,1119055,1156055000,1156011300,0,0,0,0,0,2,10,0,1,1,0,0,0,0
64,1119056,1156056000,1156011400,0,0,0,2,0,0,10,0,2,0,0,0,0,0
65,1119056,1156056000,1156011500,0,0,0,0,0,2,8,0,2,0,0,2,0,0
66,1119056,1156056000,1156011600,0,0,0,1,0,2,8,0,2,0,0,0,0,0
67,1119056,1156056000,1156011700,0,0,0,0,0,0,8,1,2,1,0,2,0,0
68,1119075,1156058500,1156011800,0,0,1,1,0,0,10,0,0,2,0,0,0,0
69,1119076,1156060500,1156011900,0,0,0,0,0,3,8,0,0,0,0,2,0,0
70,1119076,1156060500,1156012000,0,0,0,0,0,0,12,0,0,0,0,0,0,0
71,1119076,1156060500,1156012100,0,0,0,1,0,1,10,0,0,1,0,3,0,0
72,1119076,1156060500,1156012200,0,0,0,0,0,0,8,0,0,1,0,0,0,0
73,1119076,1156060500,1156012300,0,0,0,0,0,0,8,1,0,0,0,0,0,0
74,1119076,1156060500,1156012400,0,0,0,0,0,0,6,1,0,1,0,2,0,0
75,1119061,1156061000,1156012500,0,0,0,0,0,1,8,0,1,0,0,0,1,0
76,1119061,1156061000,1156012600,0,0,0,0,0,1,6,1,1,0,0,1,1,0
77,1119061,1156061000,1156012700,0,0,0,1,0,1,10,1,1,1,0,3,1,0
78,1119062,1156062000,1156012700,0,0,0,0,0,1,10,1,2,1,0,3,1,0
79,1119062,1156062000,1156012800,0,0,0,0,0,1,10,1,2,2,0,3,1,0
80,1119062,1156062000,1156012900,0,0,0,0,0,1,10,1,2,1,0,0,1,0
81,1119062,1156062000,1156013000,0,0,0,0,0,0,8,1,2,0,0,0,1,0
82,1119062,1156062000,1156013100,0,0,0,0,0,0,6,1,2,1,0,0,1,0
83,1119062,1156062000,1156013400,0,0,0,1,0,0,6,1,2,1,0,0,1,0
84,1119063,1156063000,1156013200,0,0,0,0,0,2,8,1,1,1,0,1,0,0
85,1119065,1156065000,1156013200,0,0,0,0,0,0,8,0,0,0,0,1,0,0
86,1119066,1156066000,1156013200,0,0,0,1,0,0,8,0,0,0,0,1,0,0
87,1119067,1156067000,1156013200,0,0,0,0,0,1,8,0,0,1,0,3,0,0
88,1119067,1156067000,1156013300,0,0,0,1,0,1,8,0,0,1,0,3,0,0
89,1119068,1156068000,1156013200,0,0,0,1,0,1,6,0,0,0,0,2,0,0
90,1119069,1156069000,1156013200,0,0,0,0,0,1,6,1,0,0,0,1,0,0
91,1119070,1156070000,1156013300,0,0,0,0,1,0,6,0,0,1,0,2,0,1
92,1119071,1156071000,1156013300,0,0,0,0,0,3,6,0,0,0,0,2,0,0
93,1119072,1156072000,1156013300,0,0,0,0,0,3,8,0,0,2,0,3,0,0
94,1117051,1153051000,1153010100,0,1,1,2,1,5,10,1,0,1,0,3,0,0
95,1117052,1153052000,1153010200,0,0,3,0,0,1,6,1,0,1,0,3,0,0
96,1117071,1153053000,1153010200,0,0,3,1,0,0,8,1,0,2,0,2,0,1
97,1117054,1153054000,1153010200,0,0,0,2,0,4,8,0,0,0,0,3,0,0
98,1117055,1153055000,1153010200,0,0,3,0,0,3,8,0,0,0,0,2,0,0
99,1117056,1153056000,1153010200,0,1,1,2,0,5,8,0,0,1,0,3,0,0
100,1117070,1153059500,1153010300,0,0,2,1,0,0,10,0,0,0,0,2,0,0
101,1117061,1153072000,1153010600,1,0,2,0,0,0,8,0,0,1,0,6,0,1
102,1117062,1153073000,1153010600,0,0,1,2,0,0,8,0,0,2,0,5,0,0
103,1117072,1153074000,1153010700,0,0,3,0,0,1,10,0,0,1,1,3,0,0
104,1117064,1153075000,1153010700,0,0,2,0,0,1,10,0,0,1,0,0,0,0
105,1117065,1153076000,1153010700,0,0,0,1,0,0,8,0,0,1,1,4,0,0
106,1117067,1153077000,1153010800,0,0,1,0,0,1,10,0,0,1,0,2,0,0
107,1117068,1153078000,1153010800,0,0,2,0,0,2,8,0,0,1,2,6,0,0
108,1117068,1153078000,1153011100,0,0,0,0,0,0,10,0,0,1,2,3,0,0
109,1117068,1153078000,1153011200,0,0,4,0,0,0,8,0,0,1,1,2,0,0
110,1117069,1153079000,1153010900,0,0,0,1,0,0,4,0,0,1,0,6,0,0
111,1117069,1153079000,1153011000,0,0,1,0,0,2,4,0,0,2,0,1,0,0
112,1115051,1147051000,1147010200,0,2,0,2,2,2,6,1,0,1,0,3,2,0
113,1115052,1147052000,1147010200,0,0,2,0,0,2,10,0,1,2,1,1,2,0
114,1115053,1147053000,1147010200,0,0,2,0,0,1,8,0,1,0,0,1,2,0
115,1115054,1147054000,1147010200,0,0,0,0,0,0,8,0,0,0,0,3,2,0
116,1115071,1147055000,1147010200,0,0,3,1,0,1,8,1,1,2,0,8,2,1
117,1115057,1147056000,1147010300,0,0,2,2,0,0,12,1,0,1,0,0,2,0
118,1115058,1147057000,1147010300,0,0,1,1,0,0,8,0,0,1,0,4,0,0
119,1115059,1147058000,1147010300,0,0,3,0,0,0,10,1,0,1,1,6,0,0
120,1115060,1147059000,1147010300,0,0,0,0,0,0,12,1,0,0,0,1,0,0
121,1115061,1147060000,1147010300,0,0,0,2,0,0,8,0,0,0,1,3,0,0
122,1115062,1147061000,1147010300,0,0,2,1,0,0,10,0,0,2,0,2,0,0
123,1115063,1147061100,1147010300,0,0,2,0,0,0,12,1,0,3,1,2,0,0
124,1115064,1147062000,1147010100,0,0,2,1,0,0,6,0,0,2,0,3,1,0
125,1115065,1147063000,1147010100,0,0,1,0,0,0,6,0,0,2,0,3,1,0
126,1115066,1147064000,1147010100,0,0,2,1,0,1,10,0,0,4,1,10,0,0
127,1115072,1147065000,1147010100,0,0,0,1,0,2,10,0,0,0,0,2,1,0
128,1115069,1147067000,1147010100,0,0,0,0,0,0,12,1,0,2,0,2,1,0
129,1115070,1147068000,1147010100,0,0,1,2,0,1,8,1,0,2,0,4,0,0
130,1103051,1117051000,1117010100,2,0,0,0,0,2,4,0,0,1,1,3,0,0
131,1103052,1117052000,1117010200,1,0,0,0,0,1,4,0,0,2,1,4,0,0
132,1103052,1117052000,1117010300,0,0,0,0,0,1,4,0,0,0,0,0,0,0
133,1103053,1117053000,1117010400,0,0,0,0,0,2,6,0,0,0,0,0,0,0
134,1103053,1117053000,1117010500,0,0,0,0,0,1,6,0,0,0,0,0,0,0
135,1103053,1117053000,1117010600,0,0,0,0,0,2,6,0,0,0,0,0,0,0
136,1103053,1117053000,1117010700,3,0,1,1,0,2,10,0,0,1,0,0,0,0
137,1103071,1117055500,1117010800,3,0,0,0,0,2,6,0,0,0,0,2,0,0
138,1103071,1117055500,1117010900,3,0,0,1,0,2,10,0,0,0,0,3,0,0
139,1103071,1117055500,1117011000,0,0,0,0,0,1,6,0,0,1,0,2,0,0
140,1103071,1117055500,1117011100,0,0,0,0,0,2,6,0,0,1,0,5,0,0
141,1103072,1117056000,1117011200,0,0,0,1,0,3,6,0,0,0,0,0,0,0
142,1103072,1117056000,1117011300,0,0,0,0,0,3,6,0,0,0,0,1,0,0
143,1103072,1117056000,1117012200,3,1,1,1,1,3,6,0,0,0,0,0,0,0
144,1103072,1117056000,1117012300,3,1,1,1,1,3,6,0,0,0,0,1,0,0
145,1103057,1117057000,1117011400,0,0,0,0,0,0,4,0,1,0,0,1,0,0
146,1103057,1117057000,1117011500,0,0,0,0,0,0,6,0,2,1,0,2,0,0
147,1103057,1117057000,1117011600,0,0,0,0,0,0,8,1,2,1,0,0,0,0
148,1103057,1117057000,1117011700,3,1,1,1,1,2,6,0,1,0,0,1,0,0
149,1103057,1117057000,1117011800,0,0,0,0,0,0,8,1,2,1,0,1,0,0
150,1103058,1117058000,1117011900,0,0,0,0,0,3,6,0,0,1,0,2,0,0
151,1103059,1117059000,1117012000,0,0,0,0,0,1,6,0,0,0,0,0,0,0
152,1103059,1117059000,1117012100,0,0,0,0,0,3,6,0,0,0,0,0,0,0
153,1103073,1117062500,1117012400,0,0,0,0,0,2,8,0,0,1,0,1,0,0
154,1103073,1117062500,1117012500,3,1,1,1,1,3,8,0,0,0,0,1,0,0
155,1103073,1117062500,1117012600,0,0,0,0,0,2,4,0,0,0,0,0,0,0
156,1103073,1117062500,1117012700,0,0,0,0,0,2,6,0,1,1,0,0,0,0
157,1103073,1117062500,1117012800,3,1,1,1,1,3,8,1,2,1,0,0,0,0
158,1103063,1117063000,1117012900,0,0,0,0,0,2,8,1,2,1,0,3,0,0
159,1103064,1117064000,1117012900,0,0,0,0,0,2,8,1,2,1,0,3,0,0
160,1103065,1117065000,1117013000,1,0,1,0,0,2,6,0,0,1,1,3,0,0
161,1103066,1117066000,1117013000,1,0,1,0,0,2,6,0,0,1,1,3,0,0
162,1103074,1117068500,1117013100,1,0,0,1,0,2,8,1,2,3,1,3,0,1
163,1103069,1117069000,1117013200,0,0,0,0,0,1,8,1,2,1,0,1,0,0
164,1103069,1117069000,1117013300,0,0,0,1,0,1,10,1,2,1,0,2,0,0
165,1103069,1117069000,1117013400,0,0,0,0,0,0,8,1,2,1,0,1,0,0
166,1103069,1117069000,1117013500,1,0,0,1,0,1,8,1,2,2,0,0,0,0
167,1103070,1117070000,1117013600,0,0,0,0,0,0,8,1,2,1,0,2,0,1
168,1104052,1120052000,1120010200,0,0,0,0,0,1,6,0,0,1,1,3,0,0
169,1104071,1120053500,1120010100,0,1,0,1,0,1,6,0,0,1,0,0,0,0
170,1104071,1120053500,1120010200,0,0,0,0,0,1,6,0,0,1,1,3,0,0
171,1104071,1120053500,1120010300,0,0,0,0,0,1,6,0,0,0,0,1,0,0
172,1104071,1120053500,1120010400,0,1,0,1,0,2,6,0,0,0,0,0,0,0
173,1104054,1120054000,1120010500,0,1,0,1,0,1,6,1,0,1,0,4,0,1
174,1104055,1120055000,1120010600,0,0,0,0,0,1,6,1,0,1,0,5,0,1
175,1104055,1120055000,1120010700,0,0,0,0,0,1,6,1,0,1,0,5,0,1
176,1104056,1120056000,1120010700,0,0,0,0,0,1,6,1,0,1,0,5,0,1
177,1104057,1120057000,1120010700,0,0,0,0,0,1,6,1,0,1,0,5,0,1
178,1104058,1120058000,1120010800,0,0,0,0,0,1,6,0,1,1,1,2,0,0
179,1104059,1120059000,1120010900,0,0,0,0,0,1,4,0,1,2,1,3,0,0
180,1104072,1120061500,1120011000,0,0,0,0,0,1,4,0,2,1,1,3,0,1
181,1104072,1120061500,1120011100,0,0,0,0,0,1,6,0,2,1,1,1,0,1
182,1104062,1120062000,1120011200,0,0,0,0,0,2,8,1,2,2,1,2,0,0
183,1104073,1120064500,1120011300,0,0,0,0,0,2,8,1,2,2,1,3,0,0
184,1104065,1120065000,1120011400,4,0,1,0,0,2,8,1,2,2,0,7,0,0
185,1104066,1120066000,1120011400,4,0,1,0,0,2,8,1,2,2,0,7,0,0
186,1104067,1120067000,1120011500,0,0,0,2,0,1,8,1,2,1,0,6,0,0
187,1104068,1120069000,1120011500,0,0,0,2,0,1,8,1,2,1,0,6,0,0
188,1104069,1120072000,1120011800,0,0,0,1,0,0,6,1,1,1,0,1,0,0
189,1104070,1120079000,1120011800,0,0,0,1,0,0,6,1,1,1,0,1,0,0
190,1104070,1120079000,1120012200,0,0,0,0,0,4,6,1,0,1,0,1,0,0
191,1105053,1121571000,1121510700,2,2,1,1,1,3,6,0,1,1,0,3,0,1
192,1105054,1121573000,1121510900,1,2,0,0,0,3,8,1,0,1,0,4,0,0
193,1105055,1121574000,1121510100,0,0,0,0,0,2,8,1,0,0,1,7,0,0
194,1105056,1121575000,1121510100,0,0,0,0,0,2,8,1,0,0,1,7,0,0
195,1105057,1121576000,1121510100,0,0,0,0,0,2,8,1,0,0,1,7,0,0
196,1105058,1121577000,1121510100,0,0,0,0,0,2,8,1,0,0,1,7,0,0
197,1105059,1121578000,1121510200,1,0,0,0,0,3,8,0,1,1,0,4,0,0
198,1105063,1121581000,1121510400,0,0,0,0,0,1,8,1,2,1,0,7,0,0
199,1105064,1121582000,1121510500,2,2,1,1,1,2,8,1,2,1,0,10,0,0
200,1105065,1121583000,1121510500,2,2,1,1,1,2,8,1,2,1,0,10,0,0
201,1105066,1121584000,1121510500,2,2,1,1,1,2,8,1,2,1,0,10,0,0
202,1105067,1121584700,1121510500,2,2,1,1,1,2,8,1,2,1,0,10,0,0
203,1105060,1121585000,1121510300,2,1,0,1,0,2,8,1,2,1,1,3,0,0
204,1105061,1121586000,1121510300,2,1,0,1,0,2,8,1,2,1,1,3,0,0
205,1105062,1121587000,1121510300,2,1,0,1,0,2,8,1,2,1,1,3,0,0
206,1106081,1123053600,1123010100,0,0,0,0,0,2,6,0,0,0,0,2,0,0
207,1106081,1123053600,1123010200,0,0,0,1,0,1,6,1,0,1,0,1,0,1
208,1106082,1123054500,1123010300,0,0,0,0,0,1,6,0,0,1,0,4,0,0
209,1106083,1123056000,1123010400,0,0,0,0,0,0,6,0,0,2,1,10,0,0
210,1106084,1123057000,1123010400,0,0,0,0,0,0,6,0,0,2,1,10,0,0
211,1106091,1123060000,1123010500,0,0,0,0,0,2,6,0,0,4,0,4,0,0
212,1106086,1123061000,1123010500,0,0,0,0,0,2,6,0,0,4,0,4,0,0
213,1106087,1123065000,1123010600,0,0,0,0,0,1,6,1,0,2,0,3,0,0
214,1106088,1123066000,1123010600,0,0,0,0,0,0,6,1,0,1,0,3,0,0
215,1106080,1123070500,1123010700,0,1,0,1,1,3,6,0,0,1,0,2,0,1
216,1106071,1123071000,1123010800,0,0,0,0,0,2,6,0,0,0,1,2,0,2
217,1106072,1123072000,1123010900,0,0,0,0,0,2,6,1,0,1,1,9,0,1
218,1106073,1123073000,1123010900,0,0,0,0,0,2,6,1,0,1,1,9,0,1
219,1106089,1123074000,1123011000,0,0,0,1,0,3,4,1,0,0,1,3,0,0
220,1106090,1123075000,1123011000,0,0,0,1,0,3,4,1,0,0,1,3,0,0
221,1122051,1165051000,1165010800,0,0,0,0,0,2,8,1,0,1,0,2,0,0
222,1122052,1165052000,1165010800,0,0,0,0,0,3,8,1,0,1,0,2,0,0
223,1122053,1165053000,1165010100,3,0,0,0,0,3,8,0,0,2,1,6,0,0
224,1122053,1165053000,1165010800,3,0,0,0,0,2,8,0,0,2,1,6,0,0
225,1122054,1165053100,1165010800,0,2,0,0,0,3,8,1,1,1,0,3,0,0
226,1122055,1165054000,1165010600,0,1,1,1,1,2,10,1,2,1,0,4,0,0
227,1122056,1165055000,1165010700,0,0,0,0,0,2,10,1,2,1,0,2,0,0
228,1122057,1165056000,1165010700,0,0,0,0,0,1,8,1,1,1,0,4,0,0
229,1122058,1165057000,1165010700,4,0,0,0,0,1,8,1,2,2,0,3,0,0
230,1122059,1165058000,1165010600,0,0,1,1,1,1,8,1,2,1,0,2,0,0
231,1122060,1165058100,1165010700,4,1,1,0,1,1,10,0,2,2,1,2,0,1
232,1122061,1165059000,1165010100,0,0,0,0,0,0,10,0,1,1,0,1,0,0
233,1122062,1165060000,1165010100,0,0,0,0,0,2,8,0,0,1,0,1,0,0
234,1122063,1165061000,1165010100,0,0,0,0,0,3,8,1,0,1,0,3,0,0
235,1122064,1165062000,1165010100,0,0,0,0,0,1,8,0,0,1,1,3,0,0
236,1122065,1165062100,1165010100,0,0,0,0,0,0,8,0,0,1,0,2,0,0
237,1122066,1165065100,1165010200,0,0,0,0,0,1,8,0,0,3,0,2,0,0
238,1122066,1165065100,1165010300,0,0,0,0,0,0,8,1,0,2,1,3,0,0
239,1122067,1165065200,1165010200,0,0,0,1,0,1,8,1,0,3,0,2,0,0
240,1122067,1165065200,1165010400,0,0,0,0,0,0,0,0,0,0,1,0,0,0
241,1122068,1165066000,1165010900,0,0,0,0,0,0,8,1,0,0,1,0,0,0
242,1122068,1165066000,1165011000,0,0,0,0,0,0,8,1,0,0,1,0,0,0
243,1122068,1165066000,1165011100,0,0,0,0,0,1,4,0,0,1,1,1,0,0
244,1123051,1168051000,1168010700,4,1,0,0,0,1,10,1,1,0,0,1,0,0
245,1123051,1168051000,1168011000,0,1,0,0,0,1,10,0,1,1,0,1,0,0
246,1123052,1168052100,1168010800,0,1,0,0,0,3,8,0,1,1,0,1,0,0
247,1123053,1168053100,1168010800,0,0,0,0,0,2,8,0,1,0,0,2,0,1
248,1123077,1168054500,1168010700,0,1,0,0,0,1,10,1,1,1,0,2,0,0
249,1123077,1168054500,1168011000,0,1,0,0,1,2,10,1,2,1,0,2,0,0
250,1123078,1168056500,1168010400,0,0,0,0,0,2,10,1,2,2,0,3,0,0
251,1123058,1168058000,1168010500,4,1,1,0,0,3,14,0,2,2,0,3,0,0
252,1123059,1168059000,1168010500,4,1,1,0,1,4,8,0,1,1,0,0,0,0
253,1123060,1168060000,1168010600,0,0,0,0,0,2,6,0,0,1,0,3,5,0
254,1123079,1168061000,1168010600,0,0,0,0,0,2,14,0,1,3,0,3,5,0
255,1123063,1168063000,1168010600,0,0,0,0,0,2,6,0,0,0,0,1,5,0
256,1123064,1168064000,1168010100,0,0,0,0,0,4,8,0,0,0,0,1,0,1
257,1123065,1168065000,1168010100,0,0,0,1,0,2,8,0,0,0,0,3,3,0
258,1123066,1168065500,1168011800,0,0,0,0,0,2,8,0,0,2,0,2,3,1
259,1123067,1168065600,1168011800,0,0,0,0,0,2,10,0,0,2,0,4,3,1
260,1123068,1168066000,1168010300,0,0,0,0,0,0,10,1,0,1,1,3,3,0
261,1123080,1168067000,1168010300,0,0,0,0,0,1,10,0,0,3,1,5,3,0
262,1123080,1168067000,1168011400,0,0,0,0,0,1,10,0,0,3,1,5,3,0
263,1123071,1168069000,1168010300,0,0,0,0,0,0,10,1,0,3,1,2,0,0
264,1123076,1168070000,1168011100,0,0,0,0,0,0,10,1,0,1,0,2,0,0
265,1123076,1168070000,1168011200,0,0,0,0,0,0,6,0,0,1,0,4,0,0
266,1123076,1168070000,1168011300,0,0,0,0,0,0,6,0,0,1,0,0,0,0
267,1123072,1168072000,1168011400,0,0,0,0,0,1,6,0,0,1,0,5,0,1
268,1123072,1168072000,1168011500,0,0,0,0,0,1,6,0,0,1,0,5,0,1
269,1123073,1168073000,1168011400,0,0,0,0,0,1,6,0,0,2,0,1,3,0
270,1123073,1168073000,1168011500,0,0,0,0,0,1,6,0,0,2,0,1,3,0
271,1123074,1168074000,1168010300,0,0,0,0,0,2,6,0,0,2,0,2,3,0
272,1123074,1168074000,1168010600,0,0,0,0,0,2,6,0,0,2,0,2,3,0
273,1123074,1168074000,1168011400,0,0,0,0,0,2,6,0,0,2,0,2,3,0
274,1123075,1168075000,1168011500,0,0,0,1,0,2,8,1,0,2,0,6,0,0
275,1124051,1171051000,1171010300,0,0,0,0,0,2,10,1,2,2,0,1,0,0
276,1124052,1171052000,1171010300,0,0,0,0,0,1,10,1,2,3,0,4,0,1
277,1124053,1171053100,1171011300,0,0,0,0,0,1,6,0,0,2,0,2,0,0
278,1124054,1171053200,1171011300,0,0,0,0,0,1,4,0,0,1,0,2,0,0
279,1124055,1171054000,1171011400,0,0,0,0,0,1,4,0,0,1,1,1,0,0
280,1124056,1171055000,1171011400,0,0,0,0,0,0,6,0,0,1,1,1,0,0
281,1124057,1171056100,1171011100,0,0,0,0,0,1,12,0,0,2,0,3,0,0
282,1124058,1171056200,1171011100,0,0,0,0,0,2,12,0,1,0,0,1,0,0
283,1124059,1171056600,1171011100,0,0,0,0,0,3,12,0,1,1,0,4,0,0
284,1124060,1171057000,1171011200,0,0,0,0,0,2,12,0,0,2,0,3,0,0
285,1124061,1171058000,1171010400,0,0,0,0,0,2,8,0,1,0,0,1,0,0
286,1124062,1171059000,1171010400,0,0,0,0,0,1,8,0,0,1,0,5,0,0
287,1124063,1171060000,1171010500,0,0,0,0,0,2,8,0,1,1,0,2,0,0
288,1124064,1171061000,1171010600,0,0,0,0,0,1,6,0,1,1,0,2,0,0
289,1124065,1171062000,1171010700,0,0,0,0,0,3,8,0,0,1,0,2,0,0
290,1124066,1171063100,1171010700,0,0,1,0,0,2,8,0,0,1,0,2,0,0
291,1124067,1171063200,1171010700,0,0,0,0,0,2,6,0,0,1,0,2,0,0
292,1124068,1171064100,1171010800,0,1,0,0,0,1,8,0,0,1,0,1,0,0
293,1124069,1171064200,1171010800,3,2,1,0,0,3,8,1,0,2,0,1,0,0
294,1124069,1171064200,1171010900,0,0,0,0,0,2,8,1,0,1,0,0,0,0
295,1124081,1171064600,1171010800,0,0,0,0,0,2,8,1,0,1,0,2,0,0
296,1124081,1171064600,1171010900,0,0,0,0,0,2,8,1,0,1,0,3,0,0
297,1124082,1171064700,1171010900,0,0,0,0,0,2,8,1,0,3,0,3,0,0
298,1124082,1171064700,1171011300,0,0,0,0,0,0,6,0,0,1,0,3,0,0
299,1124071,1171065000,1171010100,0,0,0,0,0,2,10,1,1,1,0,1,3,0
300,1124079,1171067000,1171010100,4,0,0,0,0,2,10,1,2,1,0,5,0,0
301,1124080,1171068000,1171010100,5,0,0,1,1,2,10,1,2,3,0,3,0,0
302,1124075,1171069000,1171010200,0,0,0,0,0,2,10,1,2,2,0,2,0,0
303,1124077,1171071000,1171010200,5,1,1,1,1,2,10,1,2,1,0,1,0,0
304,1124078,1171072000,1171010100,0,0,0,0,0,2,10,0,2,2,0,2,3,0
305,1125051,1174051500,1174010300,0,0,0,0,0,0,8,1,2,4,0,4,0,0
306,1125051,1174051500,1174011000,0,0,0,0,0,0,8,1,2,4,0,4,0,0
307,1125052,1174052000,1174010300,0,0,0,0,0,1,8,1,1,1,0,7,0,1
308,1125053,1174053000,1174010100,0,0,0,1,0,1,6,0,1,0,0,1,0,0
309,1125054,1174054000,1174010100,0,0,0,0,0,1,4,0,1,3,0,2,0,0
310,1125055,1174055000,1174010200,0,0,0,0,0,1,6,0,2,5,1,5,0,0
311,1125056,1174056000,1174010200,0,0,0,0,0,1,4,0,2,3,0,3,0,0
312,1125072,1174057000,1174010700,0,0,0,0,0,0,4,0,1,0,0,1,0,0
313,1125058,1174058000,1174010700,0,0,0,0,0,1,4,1,2,2,0,2,0,0
314,1125059,1174059000,1174010700,0,0,0,0,0,0,6,1,2,2,0,3,0,0
315,1125061,1174060000,1174010900,0,1,0,1,0,1,4,0,0,0,0,4,0,0
316,1125073,1174061000,1174010900,0,0,1,1,1,2,4,1,2,2,0,2,0,0
317,1125063,1174062000,1174010900,0,0,0,0,0,1,8,0,1,0,0,1,0,0
318,1125065,1174064000,1174010800,0,1,0,0,0,1,10,0,1,0,0,3,0,0
319,1125066,1174065000,1174010800,0,1,0,0,0,2,10,0,1,0,0,0,0,0
320,1125067,1174066000,1174010800,0,0,0,0,0,0,10,0,0,0,0,0,0,0
321,1125074,1174068500,1174010500,0,0,0,0,0,1,10,0,0,2,0,4,0,1
322,1125070,1174069000,1174010600,0,0,0,0,0,1,10,0,0,0,0,4,0,0
323,1125071,1174070000,1174010600,0,0,0,0,0,1,10,0,0,1,0,5,0,0
